t_delta,datetime,visibility
0,2024-02-28 11:07:24.487 MEZ(+0100),353.54769897460938
1001,2024-02-28 11:07:25.488 MEZ(+0100),353.73834228515625
2001,2024-02-28 11:07:26.488 MEZ(+0100),353.75750732421875
3002,2024-02-28 11:07:27.489 MEZ(+0100),353.7593994140625
4002,2024-02-28 11:07:28.489 MEZ(+0100),358.04574584960938
5002,2024-02-28 11:07:29.489 MEZ(+0100),366.30068969726562
6003,2024-02-28 11:07:30.490 MEZ(+0100),360.48052978515625
7003,2024-02-28 11:07:31.490 MEZ(+0100),358.9593505859375
8003,2024-02-28 11:07:32.490 MEZ(+0100),359.75656127929688
9003,2024-02-28 11:07:33.490 MEZ(+0100),358.14065551757812
10003,2024-02-28 11:07:34.490 MEZ(+0100),358.48968505859375
11004,2024-02-28 11:07:35.491 MEZ(+0100),358.760986328125
12004,2024-02-28 11:07:36.491 MEZ(+0100),358.55166625976562
13004,2024-02-28 11:07:37.491 MEZ(+0100),353.36721801757812
14004,2024-02-28 11:07:38.491 MEZ(+0100),351.49087524414062
15004,2024-02-28 11:07:39.491 MEZ(+0100),343.35687255859375
16005,2024-02-28 11:07:40.492 MEZ(+0100),341.3489990234375
17005,2024-02-28 11:07:41.492 MEZ(+0100),345.52914428710938
18006,2024-02-28 11:07:42.493 MEZ(+0100),350.08612060546875
19006,2024-02-28 11:07:43.493 MEZ(+0100),350.54864501953125
20006,2024-02-28 11:07:44.493 MEZ(+0100),350.5948486328125
21006,2024-02-28 11:07:45.493 MEZ(+0100),345.67587280273438
22006,2024-02-28 11:07:46.493 MEZ(+0100),340.05279541015625
23006,2024-02-28 11:07:47.493 MEZ(+0100),335.60476684570312
24007,2024-02-28 11:07:48.494 MEZ(+0100),341.68276977539062
25007,2024-02-28 11:07:49.494 MEZ(+0100),352.069580078125
26007,2024-02-28 11:07:50.494 MEZ(+0100),359.34039306640625
27007,2024-02-28 11:07:51.494 MEZ(+0100),360.163818359375
28007,2024-02-28 11:07:52.494 MEZ(+0100),360.24636840820312
29007,2024-02-28 11:07:53.494 MEZ(+0100),360.25457763671875
30007,2024-02-28 11:07:54.494 MEZ(+0100),360.00424194335938
31007,2024-02-28 11:07:55.494 MEZ(+0100),355.0152587890625
32007,2024-02-28 11:07:56.494 MEZ(+0100),352.29666137695312
33008,2024-02-28 11:07:57.495 MEZ(+0100),352.027099609375
34008,2024-02-28 11:07:58.495 MEZ(+0100),345.75320434570312
35009,2024-02-28 11:07:59.496 MEZ(+0100),332.69439697265625
36009,2024-02-28 11:08:00.496 MEZ(+0100),332.69439697265625
37010,2024-02-28 11:08:01.497 MEZ(+0100),329.15640258789062
38010,2024-02-28 11:08:02.497 MEZ(+0100),326.47222900390625
39010,2024-02-28 11:08:03.497 MEZ(+0100),325.278564453125
40010,2024-02-28 11:08:04.497 MEZ(+0100),324.95565795898438
41010,2024-02-28 11:08:05.497 MEZ(+0100),320.83648681640625
42011,2024-02-28 11:08:06.498 MEZ(+0100),315.6025390625
43011,2024-02-28 11:08:07.498 MEZ(+0100),311.12030029296875
44011,2024-02-28 11:08:08.498 MEZ(+0100),308.71234130859375
45012,2024-02-28 11:08:09.499 MEZ(+0100),255.83932495117188
46012,2024-02-28 11:08:10.499 MEZ(+0100),140.48674011230469
47012,2024-02-28 11:08:11.499 MEZ(+0100),39.731330871582031
48012,2024-02-28 11:08:12.499 MEZ(+0100),29.165679931640625
49012,2024-02-28 11:08:13.499 MEZ(+0100),27.691926956176758
50012,2024-02-28 11:08:14.499 MEZ(+0100),26.862178802490234
51013,2024-02-28 11:08:15.500 MEZ(+0100),26.274265289306641
52013,2024-02-28 11:08:16.500 MEZ(+0100),26.199850082397461
53013,2024-02-28 11:08:17.500 MEZ(+0100),26.192415237426758
54013,2024-02-28 11:08:18.500 MEZ(+0100),25.77372932434082
55013,2024-02-28 11:08:19.500 MEZ(+0100),25.562168121337891
56013,2024-02-28 11:08:20.500 MEZ(+0100),25.497640609741211
57014,2024-02-28 11:08:21.501 MEZ(+0100),25.489391326904297
58014,2024-02-28 11:08:22.501 MEZ(+0100),25.494312286376953
59014,2024-02-28 11:08:23.501 MEZ(+0100),25.496618270874023
60014,2024-02-28 11:08:24.501 MEZ(+0100),25.558048248291016
61014,2024-02-28 11:08:25.501 MEZ(+0100),26.771230697631836
62014,2024-02-28 11:08:26.501 MEZ(+0100),25.978132247924805
63015,2024-02-28 11:08:27.502 MEZ(+0100),25.625076293945312
64015,2024-02-28 11:08:28.502 MEZ(+0100),28.814027786254883
65015,2024-02-28 11:08:29.502 MEZ(+0100),31.359043121337891
66015,2024-02-28 11:08:30.502 MEZ(+0100),33.625068664550781
67016,2024-02-28 11:08:31.503 MEZ(+0100),34.55316162109375
68016,2024-02-28 11:08:32.503 MEZ(+0100),35.634078979492188
69016,2024-02-28 11:08:33.503 MEZ(+0100),36.352413177490234
70016,2024-02-28 11:08:34.503 MEZ(+0100),36.115207672119141
71016,2024-02-28 11:08:35.503 MEZ(+0100),36.393058776855469
72016,2024-02-28 11:08:36.503 MEZ(+0100),36.871414184570312
73016,2024-02-28 11:08:37.503 MEZ(+0100),37.918323516845703
74017,2024-02-28 11:08:38.504 MEZ(+0100),36.568199157714844
75017,2024-02-28 11:08:39.504 MEZ(+0100),35.886604309082031
76017,2024-02-28 11:08:40.504 MEZ(+0100),35.338993072509766
77018,2024-02-28 11:08:41.505 MEZ(+0100),34.124603271484375
78018,2024-02-28 11:08:42.505 MEZ(+0100),32.801277160644531
79018,2024-02-28 11:08:43.505 MEZ(+0100),32.427520751953125
80018,2024-02-28 11:08:44.505 MEZ(+0100),32.479118347167969
81018,2024-02-28 11:08:45.505 MEZ(+0100),32.479118347167969
82018,2024-02-28 11:08:46.505 MEZ(+0100),31.797527313232422
83018,2024-02-28 11:08:47.505 MEZ(+0100),31.187843322753906
84018,2024-02-28 11:08:48.505 MEZ(+0100),30.94139289855957
85019,2024-02-28 11:08:49.506 MEZ(+0100),30.157321929931641
86019,2024-02-28 11:08:50.506 MEZ(+0100),28.73829460144043
87020,2024-02-28 11:08:51.507 MEZ(+0100),27.420759201049805
88020,2024-02-28 11:08:52.507 MEZ(+0100),27.11370849609375
89020,2024-02-28 11:08:53.507 MEZ(+0100),26.385635375976562
90021,2024-02-28 11:08:54.508 MEZ(+0100),24.087818145751953
91021,2024-02-28 11:08:55.508 MEZ(+0100),23.843124389648438
92021,2024-02-28 11:08:56.508 MEZ(+0100),22.56318473815918
93021,2024-02-28 11:08:57.508 MEZ(+0100),22.010574340820312
94022,2024-02-28 11:08:58.509 MEZ(+0100),21.37336540222168
95022,2024-02-28 11:08:59.509 MEZ(+0100),21.311687469482422
96022,2024-02-28 11:09:00.509 MEZ(+0100),21.730400085449219
97022,2024-02-28 11:09:01.509 MEZ(+0100),22.003440856933594
98023,2024-02-28 11:09:02.510 MEZ(+0100),22.793756484985352
99023,2024-02-28 11:09:03.510 MEZ(+0100),23.076982498168945
100023,2024-02-28 11:09:04.510 MEZ(+0100),23.076515197753906
101023,2024-02-28 11:09:05.510 MEZ(+0100),22.441064834594727
102023,2024-02-28 11:09:06.510 MEZ(+0100),22.229097366333008
103023,2024-02-28 11:09:07.510 MEZ(+0100),22.208145141601562
104024,2024-02-28 11:09:08.511 MEZ(+0100),22.206027984619141
105024,2024-02-28 11:09:09.511 MEZ(+0100),21.670633316040039
106024,2024-02-28 11:09:10.511 MEZ(+0100),20.617599487304688
107024,2024-02-28 11:09:11.511 MEZ(+0100),18.919166564941406
108025,2024-02-28 11:09:12.512 MEZ(+0100),18.718708038330078
109025,2024-02-28 11:09:13.512 MEZ(+0100),17.51167106628418
110026,2024-02-28 11:09:14.513 MEZ(+0100),17.126092910766602
111026,2024-02-28 11:09:15.513 MEZ(+0100),16.59852409362793
112026,2024-02-28 11:09:16.513 MEZ(+0100),16.260173797607422
113026,2024-02-28 11:09:17.513 MEZ(+0100),16.218360900878906
114027,2024-02-28 11:09:18.514 MEZ(+0100),16.214183807373047
115027,2024-02-28 11:09:19.514 MEZ(+0100),15.840696334838867
116027,2024-02-28 11:09:20.514 MEZ(+0100),15.789873123168945
117027,2024-02-28 11:09:21.514 MEZ(+0100),15.621505737304688
118028,2024-02-28 11:09:22.515 MEZ(+0100),15.453969955444336
119029,2024-02-28 11:09:23.516 MEZ(+0100),15.367773056030273
120029,2024-02-28 11:09:24.516 MEZ(+0100),15.528515815734863
121030,2024-02-28 11:09:25.517 MEZ(+0100),15.542251586914062
122030,2024-02-28 11:09:26.517 MEZ(+0100),15.542823791503906
123030,2024-02-28 11:09:27.517 MEZ(+0100),15.47999095916748
124030,2024-02-28 11:09:28.517 MEZ(+0100),15.250346183776855
125030,2024-02-28 11:09:29.517 MEZ(+0100),15.396361351013184
126030,2024-02-28 11:09:30.517 MEZ(+0100),15.396361351013184
127031,2024-02-28 11:09:31.518 MEZ(+0100),15.465343475341797
128031,2024-02-28 11:09:32.518 MEZ(+0100),15.519956588745117
129031,2024-02-28 11:09:33.518 MEZ(+0100),15.749020576477051
130031,2024-02-28 11:09:34.518 MEZ(+0100),16.257307052612305
131031,2024-02-28 11:09:35.518 MEZ(+0100),16.517267227172852
132031,2024-02-28 11:09:36.518 MEZ(+0100),16.688705444335938
133031,2024-02-28 11:09:37.518 MEZ(+0100),16.73260498046875
134032,2024-02-28 11:09:38.519 MEZ(+0100),16.737007141113281
135032,2024-02-28 11:09:39.519 MEZ(+0100),17.212617874145508
136032,2024-02-28 11:09:40.519 MEZ(+0100),16.783803939819336
137032,2024-02-28 11:09:41.519 MEZ(+0100),16.742118835449219
138032,2024-02-28 11:09:42.519 MEZ(+0100),16.249668121337891
139032,2024-02-28 11:09:43.519 MEZ(+0100),16.028125762939453
140032,2024-02-28 11:09:44.519 MEZ(+0100),15.993350982666016
141032,2024-02-28 11:09:45.519 MEZ(+0100),15.864374160766602
142032,2024-02-28 11:09:46.519 MEZ(+0100),15.527388572692871
143032,2024-02-28 11:09:47.519 MEZ(+0100),15.75955867767334
144033,2024-02-28 11:09:48.520 MEZ(+0100),15.716075897216797
145033,2024-02-28 11:09:49.520 MEZ(+0100),15.394833564758301
146033,2024-02-28 11:09:50.520 MEZ(+0100),14.72501277923584
147034,2024-02-28 11:09:51.521 MEZ(+0100),14.324344635009766
148034,2024-02-28 11:09:52.521 MEZ(+0100),14.227770805358887
149035,2024-02-28 11:09:53.522 MEZ(+0100),14.201004028320312
150035,2024-02-28 11:09:54.522 MEZ(+0100),13.73021125793457
151035,2024-02-28 11:09:55.522 MEZ(+0100),13.566783905029297
152035,2024-02-28 11:09:56.522 MEZ(+0100),13.539394378662109
153036,2024-02-28 11:09:57.523 MEZ(+0100),13.485414505004883
154036,2024-02-28 11:09:58.523 MEZ(+0100),13.398320198059082
155036,2024-02-28 11:09:59.523 MEZ(+0100),13.445368766784668
156036,2024-02-28 11:10:00.523 MEZ(+0100),13.562836647033691
157036,2024-02-28 11:10:01.523 MEZ(+0100),13.540750503540039
158036,2024-02-28 11:10:02.523 MEZ(+0100),13.536800384521484
159036,2024-02-28 11:10:03.523 MEZ(+0100),13.902769088745117
160036,2024-02-28 11:10:04.523 MEZ(+0100),14.105029106140137
161037,2024-02-28 11:10:05.524 MEZ(+0100),14.139397621154785
162037,2024-02-28 11:10:06.524 MEZ(+0100),14.142842292785645
163037,2024-02-28 11:10:07.524 MEZ(+0100),14.143190383911133
164040,2024-02-28 11:10:08.527 MEZ(+0100),14.014123916625977
165040,2024-02-28 11:10:09.527 MEZ(+0100),13.321588516235352
166040,2024-02-28 11:10:10.527 MEZ(+0100),11.73307991027832
167040,2024-02-28 11:10:11.527 MEZ(+0100),10.970704078674316
168040,2024-02-28 11:10:12.527 MEZ(+0100),10.532756805419922
169040,2024-02-28 11:10:13.527 MEZ(+0100),10.358101844787598
170041,2024-02-28 11:10:14.528 MEZ(+0100),10.324073791503906
171041,2024-02-28 11:10:15.528 MEZ(+0100),10.324073791503906
172041,2024-02-28 11:10:16.528 MEZ(+0100),10.32069206237793
173041,2024-02-28 11:10:17.528 MEZ(+0100),10.320334434509277
174041,2024-02-28 11:10:18.528 MEZ(+0100),10.390895843505859
175041,2024-02-28 11:10:19.528 MEZ(+0100),10.413832664489746
176041,2024-02-28 11:10:20.528 MEZ(+0100),10.579405784606934
177042,2024-02-28 11:10:21.529 MEZ(+0100),10.72301197052002
178042,2024-02-28 11:10:22.529 MEZ(+0100),10.738697052001953
179043,2024-02-28 11:10:23.530 MEZ(+0100),10.874622344970703
180043,2024-02-28 11:10:24.530 MEZ(+0100),11.309747695922852
181043,2024-02-28 11:10:25.530 MEZ(+0100),12.001716613769531
182043,2024-02-28 11:10:26.530 MEZ(+0100),12.075681686401367
183043,2024-02-28 11:10:27.530 MEZ(+0100),12.083128929138184
184043,2024-02-28 11:10:28.530 MEZ(+0100),12.061009407043457
185044,2024-02-28 11:10:29.531 MEZ(+0100),11.79595947265625
186044,2024-02-28 11:10:30.531 MEZ(+0100),11.756274223327637
187044,2024-02-28 11:10:31.531 MEZ(+0100),11.974605560302734
188044,2024-02-28 11:10:32.531 MEZ(+0100),12.067436218261719
189045,2024-02-28 11:10:33.532 MEZ(+0100),12.082303047180176
190045,2024-02-28 11:10:34.532 MEZ(+0100),12.060924530029297
191045,2024-02-28 11:10:35.532 MEZ(+0100),11.849796295166016
192046,2024-02-28 11:10:36.533 MEZ(+0100),11.819403648376465
193047,2024-02-28 11:10:37.534 MEZ(+0100),11.671853065490723
194047,2024-02-28 11:10:38.534 MEZ(+0100),11.509357452392578
195047,2024-02-28 11:10:39.534 MEZ(+0100),11.19841480255127
196047,2024-02-28 11:10:40.534 MEZ(+0100),10.994826316833496
197047,2024-02-28 11:10:41.534 MEZ(+0100),10.934347152709961
198047,2024-02-28 11:10:42.534 MEZ(+0100),10.942956924438477
199047,2024-02-28 11:10:43.534 MEZ(+0100),10.932710647583008
200048,2024-02-28 11:10:44.535 MEZ(+0100),10.841521263122559
201048,2024-02-28 11:10:45.535 MEZ(+0100),10.813052177429199
202049,2024-02-28 11:10:46.536 MEZ(+0100),10.810227394104004
203049,2024-02-28 11:10:47.536 MEZ(+0100),10.809940338134766
204050,2024-02-28 11:10:48.537 MEZ(+0100),10.809916496276855
205050,2024-02-28 11:10:49.537 MEZ(+0100),10.712715148925781
206051,2024-02-28 11:10:50.538 MEZ(+0100),10.702462196350098
207051,2024-02-28 11:10:51.538 MEZ(+0100),10.248283386230469
208051,2024-02-28 11:10:52.538 MEZ(+0100),10.120416641235352
209052,2024-02-28 11:10:53.539 MEZ(+0100),10.023469924926758
210053,2024-02-28 11:10:54.540 MEZ(+0100),9.9501428604125977
211053,2024-02-28 11:10:55.540 MEZ(+0100),9.8792524337768555
212053,2024-02-28 11:10:56.540 MEZ(+0100),9.6190052032470703
213054,2024-02-28 11:10:57.541 MEZ(+0100),9.7014360427856445
214054,2024-02-28 11:10:58.541 MEZ(+0100),9.9267539978027344
215054,2024-02-28 11:10:59.541 MEZ(+0100),9.9267539978027344
216054,2024-02-28 11:11:00.541 MEZ(+0100),9.9498825073242188
217055,2024-02-28 11:11:01.542 MEZ(+0100),10.037075996398926
218055,2024-02-28 11:11:02.542 MEZ(+0100),10.188909530639648
219056,2024-02-28 11:11:03.543 MEZ(+0100),10.217945098876953
220056,2024-02-28 11:11:04.543 MEZ(+0100),10.254168510437012
221056,2024-02-28 11:11:05.543 MEZ(+0100),10.213253021240234
222056,2024-02-28 11:11:06.543 MEZ(+0100),10.370266914367676
223057,2024-02-28 11:11:07.544 MEZ(+0100),10.463129043579102
224057,2024-02-28 11:11:08.544 MEZ(+0100),10.544857025146484
225057,2024-02-28 11:11:09.544 MEZ(+0100),10.65555477142334
226057,2024-02-28 11:11:10.544 MEZ(+0100),10.728708267211914
227057,2024-02-28 11:11:11.544 MEZ(+0100),10.752416610717773
228057,2024-02-28 11:11:12.544 MEZ(+0100),10.822684288024902
229057,2024-02-28 11:11:13.544 MEZ(+0100),10.878315925598145
230058,2024-02-28 11:11:14.545 MEZ(+0100),10.920555114746094
231058,2024-02-28 11:11:15.545 MEZ(+0100),10.92479133605957
232058,2024-02-28 11:11:16.545 MEZ(+0100),10.925216674804688
233058,2024-02-28 11:11:17.545 MEZ(+0100),10.878145217895508
234059,2024-02-28 11:11:18.546 MEZ(+0100),10.868633270263672
235059,2024-02-28 11:11:19.546 MEZ(+0100),10.867681503295898
236060,2024-02-28 11:11:20.547 MEZ(+0100),10.61213493347168
237060,2024-02-28 11:11:21.547 MEZ(+0100),10.518702507019043
238060,2024-02-28 11:11:22.547 MEZ(+0100),10.509437561035156
239061,2024-02-28 11:11:23.548 MEZ(+0100),10.508524894714355
240061,2024-02-28 11:11:24.548 MEZ(+0100),10.47021484375
241061,2024-02-28 11:11:25.548 MEZ(+0100),10.196293830871582
242061,2024-02-28 11:11:26.548 MEZ(+0100),10.09117317199707
243061,2024-02-28 11:11:27.548 MEZ(+0100),10.730474472045898
244062,2024-02-28 11:11:28.549 MEZ(+0100),10.92311954498291
245062,2024-02-28 11:11:29.549 MEZ(+0100),10.944012641906738
246062,2024-02-28 11:11:30.549 MEZ(+0100),10.94610595703125
247063,2024-02-28 11:11:31.550 MEZ(+0100),10.765626907348633
248063,2024-02-28 11:11:32.550 MEZ(+0100),10.726706504821777
249063,2024-02-28 11:11:33.550 MEZ(+0100),10.518893241882324
250063,2024-02-28 11:11:34.550 MEZ(+0100),10.584659576416016
251063,2024-02-28 11:11:35.550 MEZ(+0100),10.581463813781738
252063,2024-02-28 11:11:36.550 MEZ(+0100),10.670744895935059
253063,2024-02-28 11:11:37.550 MEZ(+0100),10.717219352722168
254064,2024-02-28 11:11:38.551 MEZ(+0100),10.499530792236328
255065,2024-02-28 11:11:39.552 MEZ(+0100),10.417617797851562
256066,2024-02-28 11:11:40.553 MEZ(+0100),10.409491539001465
257066,2024-02-28 11:11:41.553 MEZ(+0100),10.408687591552734
258066,2024-02-28 11:11:42.553 MEZ(+0100),10.363734245300293
259066,2024-02-28 11:11:43.553 MEZ(+0100),10.363734245300293
260066,2024-02-28 11:11:44.553 MEZ(+0100),10.199375152587891
261066,2024-02-28 11:11:45.553 MEZ(+0100),10.150360107421875
262066,2024-02-28 11:11:46.553 MEZ(+0100),9.8714218139648438
263067,2024-02-28 11:11:47.554 MEZ(+0100),9.6436376571655273
264067,2024-02-28 11:11:48.554 MEZ(+0100),9.4307746887207031
265067,2024-02-28 11:11:49.554 MEZ(+0100),9.4246606826782227
266067,2024-02-28 11:11:50.554 MEZ(+0100),9.4240503311157227
267067,2024-02-28 11:11:51.554 MEZ(+0100),9.3567924499511719
268067,2024-02-28 11:11:52.554 MEZ(+0100),9.4010038375854492
269067,2024-02-28 11:11:53.554 MEZ(+0100),9.6386375427246094
270067,2024-02-28 11:11:54.554 MEZ(+0100),10.00532341003418
271068,2024-02-28 11:11:55.555 MEZ(+0100),10.160360336303711
272068,2024-02-28 11:11:56.555 MEZ(+0100),10.209885597229004
273068,2024-02-28 11:11:57.555 MEZ(+0100),10.214851379394531
274068,2024-02-28 11:11:58.555 MEZ(+0100),10.192103385925293
275069,2024-02-28 11:11:59.556 MEZ(+0100),9.951298713684082
276069,2024-02-28 11:12:00.556 MEZ(+0100),9.7842741012573242
277069,2024-02-28 11:12:01.556 MEZ(+0100),9.7278347015380859
278069,2024-02-28 11:12:02.556 MEZ(+0100),9.5799379348754883
279069,2024-02-28 11:12:03.556 MEZ(+0100),9.4975681304931641
280070,2024-02-28 11:12:04.557 MEZ(+0100),9.4894046783447266
281070,2024-02-28 11:12:05.557 MEZ(+0100),9.452794075012207
282070,2024-02-28 11:12:06.557 MEZ(+0100),9.4491491317749023
283071,2024-02-28 11:12:07.558 MEZ(+0100),9.4958276748657227
284071,2024-02-28 11:12:08.558 MEZ(+0100),9.6641359329223633
285071,2024-02-28 11:12:09.558 MEZ(+0100),9.7773494720458984
286071,2024-02-28 11:12:10.558 MEZ(+0100),9.8829879760742188
287072,2024-02-28 11:12:11.559 MEZ(+0100),9.9654045104980469
288073,2024-02-28 11:12:12.560 MEZ(+0100),10.135437965393066
289073,2024-02-28 11:12:13.560 MEZ(+0100),10.366667747497559
290073,2024-02-28 11:12:14.560 MEZ(+0100),10.456145286560059
291073,2024-02-28 11:12:15.560 MEZ(+0100),10.481990814208984
292073,2024-02-28 11:12:16.560 MEZ(+0100),10.406083106994629
293073,2024-02-28 11:12:17.560 MEZ(+0100),10.397319793701172
294073,2024-02-28 11:12:18.560 MEZ(+0100),10.282917022705078
295073,2024-02-28 11:12:19.560 MEZ(+0100),10.008805274963379
296073,2024-02-28 11:12:20.560 MEZ(+0100),9.9607973098754883
297074,2024-02-28 11:12:21.561 MEZ(+0100),9.9508209228515625
298074,2024-02-28 11:12:22.561 MEZ(+0100),9.8524465560913086
299074,2024-02-28 11:12:23.561 MEZ(+0100),9.8234682083129883
300074,2024-02-28 11:12:24.561 MEZ(+0100),9.76513671875
301075,2024-02-28 11:12:25.562 MEZ(+0100),9.7220926284790039
302075,2024-02-28 11:12:26.562 MEZ(+0100),9.7178173065185547
303075,2024-02-28 11:12:27.562 MEZ(+0100),9.7362060546875
304075,2024-02-28 11:12:28.562 MEZ(+0100),9.7440185546875
305075,2024-02-28 11:12:29.562 MEZ(+0100),9.8317842483520508
306075,2024-02-28 11:12:30.562 MEZ(+0100),10.023147583007812
307076,2024-02-28 11:12:31.563 MEZ(+0100),10.218724250793457
308076,2024-02-28 11:12:32.563 MEZ(+0100),10.218724250793457
309076,2024-02-28 11:12:33.563 MEZ(+0100),10.27889347076416
310076,2024-02-28 11:12:34.563 MEZ(+0100),10.284964561462402
311076,2024-02-28 11:12:35.563 MEZ(+0100),10.4017333984375
312076,2024-02-28 11:12:36.563 MEZ(+0100),10.417875289916992
313077,2024-02-28 11:12:37.564 MEZ(+0100),10.408290863037109
314077,2024-02-28 11:12:38.564 MEZ(+0100),10.320346832275391
315078,2024-02-28 11:12:39.565 MEZ(+0100),9.8835248947143555
316078,2024-02-28 11:12:40.565 MEZ(+0100),9.8356266021728516
317078,2024-02-28 11:12:41.565 MEZ(+0100),9.787205696105957
318079,2024-02-28 11:12:42.566 MEZ(+0100),9.5593090057373047
319079,2024-02-28 11:12:43.566 MEZ(+0100),9.368865966796875
320079,2024-02-28 11:12:44.566 MEZ(+0100),9.3130550384521484
321079,2024-02-28 11:12:45.566 MEZ(+0100),9.2478170394897461
322080,2024-02-28 11:12:46.567 MEZ(+0100),9.2259140014648438
323081,2024-02-28 11:12:47.568 MEZ(+0100),9.2237377166748047
324081,2024-02-28 11:12:48.568 MEZ(+0100),9.2470169067382812
325081,2024-02-28 11:12:49.568 MEZ(+0100),9.3237276077270508
326081,2024-02-28 11:12:50.568 MEZ(+0100),9.4090814590454102
327082,2024-02-28 11:12:51.569 MEZ(+0100),9.4535112380981445
328082,2024-02-28 11:12:52.569 MEZ(+0100),9.4625272750854492
329082,2024-02-28 11:12:53.569 MEZ(+0100),9.4634304046630859
330082,2024-02-28 11:12:54.569 MEZ(+0100),9.4491214752197266
331082,2024-02-28 11:12:55.569 MEZ(+0100),9.2762365341186523
332083,2024-02-28 11:12:56.570 MEZ(+0100),9.2525558471679688
333084,2024-02-28 11:12:57.571 MEZ(+0100),9.1716766357421875
334084,2024-02-28 11:12:58.571 MEZ(+0100),9.163665771484375
335085,2024-02-28 11:12:59.572 MEZ(+0100),9.0494518280029297
336085,2024-02-28 11:13:00.572 MEZ(+0100),8.9689960479736328
337085,2024-02-28 11:13:01.572 MEZ(+0100),8.7367734909057617
338085,2024-02-28 11:13:02.572 MEZ(+0100),8.8332672119140625
339085,2024-02-28 11:13:03.572 MEZ(+0100),8.9094171524047852
340085,2024-02-28 11:13:04.572 MEZ(+0100),8.9645299911499023
341086,2024-02-28 11:13:05.573 MEZ(+0100),9.0525884628295898
342086,2024-02-28 11:13:06.573 MEZ(+0100),9.1346864700317383
343086,2024-02-28 11:13:07.573 MEZ(+0100),9.2895641326904297
344086,2024-02-28 11:13:08.573 MEZ(+0100),9.015721321105957
345086,2024-02-28 11:13:09.573 MEZ(+0100),8.9397687911987305
346086,2024-02-28 11:13:10.573 MEZ(+0100),8.9322443008422852
347087,2024-02-28 11:13:11.574 MEZ(+0100),8.9314975738525391
348087,2024-02-28 11:13:12.574 MEZ(+0100),9.0769996643066406
349088,2024-02-28 11:13:13.575 MEZ(+0100),9.0769996643066406
350088,2024-02-28 11:13:14.575 MEZ(+0100),9.2932777404785156
351088,2024-02-28 11:13:15.575 MEZ(+0100),9.3555622100830078
352088,2024-02-28 11:13:16.575 MEZ(+0100),9.4293489456176758
353089,2024-02-28 11:13:17.576 MEZ(+0100),9.4315299987792969
354089,2024-02-28 11:13:18.576 MEZ(+0100),9.4790878295898438
355089,2024-02-28 11:13:19.576 MEZ(+0100),9.5844345092773438
356089,2024-02-28 11:13:20.576 MEZ(+0100),9.6609992980957031
357089,2024-02-28 11:13:21.576 MEZ(+0100),9.8476953506469727
358089,2024-02-28 11:13:22.576 MEZ(+0100),9.9220409393310547
359089,2024-02-28 11:13:23.576 MEZ(+0100),10.015171051025391
360090,2024-02-28 11:13:24.577 MEZ(+0100),10.158967018127441
361090,2024-02-28 11:13:25.577 MEZ(+0100),10.185053825378418
362090,2024-02-28 11:13:26.577 MEZ(+0100),10.18766975402832
363090,2024-02-28 11:13:27.577 MEZ(+0100),10.221236228942871
364091,2024-02-28 11:13:28.578 MEZ(+0100),10.042071342468262
365092,2024-02-28 11:13:29.579 MEZ(+0100),10.10783576965332
366092,2024-02-28 11:13:30.579 MEZ(+0100),10.443912506103516
367092,2024-02-28 11:13:31.579 MEZ(+0100),10.50222110748291
368093,2024-02-28 11:13:32.580 MEZ(+0100),10.530549049377441
369094,2024-02-28 11:13:33.581 MEZ(+0100),10.53719425201416
370094,2024-02-28 11:13:34.581 MEZ(+0100),10.537861824035645
371094,2024-02-28 11:13:35.581 MEZ(+0100),10.66478443145752
372094,2024-02-28 11:13:36.581 MEZ(+0100),10.705441474914551
373094,2024-02-28 11:13:37.581 MEZ(+0100),10.70953369140625
374094,2024-02-28 11:13:38.581 MEZ(+0100),10.760104179382324
375095,2024-02-28 11:13:39.582 MEZ(+0100),10.730794906616211
376095,2024-02-28 11:13:40.582 MEZ(+0100),10.698848724365234
377095,2024-02-28 11:13:41.582 MEZ(+0100),10.617287635803223
378095,2024-02-28 11:13:42.582 MEZ(+0100),10.696471214294434
379095,2024-02-28 11:13:43.582 MEZ(+0100),10.73235034942627
380095,2024-02-28 11:13:44.582 MEZ(+0100),10.74348258972168
381095,2024-02-28 11:13:45.582 MEZ(+0100),10.744594573974609
382095,2024-02-28 11:13:46.582 MEZ(+0100),10.782191276550293
383095,2024-02-28 11:13:47.582 MEZ(+0100),10.926907539367676
384096,2024-02-28 11:13:48.583 MEZ(+0100),11.466591835021973
385096,2024-02-28 11:13:49.583 MEZ(+0100),11.708556175231934
386096,2024-02-28 11:13:50.583 MEZ(+0100),12.071407318115234
387096,2024-02-28 11:13:51.583 MEZ(+0100),12.222870826721191
388096,2024-02-28 11:13:52.583 MEZ(+0100),12.446660041809082
389096,2024-02-28 11:13:53.583 MEZ(+0100),13.166840553283691
390097,2024-02-28 11:13:54.584 MEZ(+0100),13.24354076385498
391097,2024-02-28 11:13:55.584 MEZ(+0100),13.436569213867188
392098,2024-02-28 11:13:56.585 MEZ(+0100),13.436569213867188
393098,2024-02-28 11:13:57.585 MEZ(+0100),13.798848152160645
394098,2024-02-28 11:13:58.585 MEZ(+0100),14.419796943664551
395098,2024-02-28 11:13:59.585 MEZ(+0100),15.202203750610352
396098,2024-02-28 11:14:00.585 MEZ(+0100),15.226663589477539
397099,2024-02-28 11:14:01.586 MEZ(+0100),15.227492332458496
398099,2024-02-28 11:14:02.586 MEZ(+0100),14.675907135009766
399100,2024-02-28 11:14:03.587 MEZ(+0100),14.337483406066895
400100,2024-02-28 11:14:04.587 MEZ(+0100),14.241725921630859
401100,2024-02-28 11:14:05.587 MEZ(+0100),14.29128360748291
402101,2024-02-28 11:14:06.588 MEZ(+0100),14.34516429901123
403101,2024-02-28 11:14:07.588 MEZ(+0100),14.193675994873047
404101,2024-02-28 11:14:08.588 MEZ(+0100),14.044710159301758
405101,2024-02-28 11:14:09.588 MEZ(+0100),13.803520202636719
406101,2024-02-28 11:14:10.588 MEZ(+0100),13.683772087097168
407101,2024-02-28 11:14:11.588 MEZ(+0100),13.656147003173828
408102,2024-02-28 11:14:12.589 MEZ(+0100),13.585060119628906
409103,2024-02-28 11:14:13.590 MEZ(+0100),13.56385326385498
410103,2024-02-28 11:14:14.590 MEZ(+0100),13.561736106872559
411103,2024-02-28 11:14:15.590 MEZ(+0100),13.559286117553711
412103,2024-02-28 11:14:16.590 MEZ(+0100),13.554150581359863
413104,2024-02-28 11:14:17.591 MEZ(+0100),13.605561256408691
414104,2024-02-28 11:14:18.591 MEZ(+0100),13.624958992004395
415104,2024-02-28 11:14:19.591 MEZ(+0100),14.075050354003906
416104,2024-02-28 11:14:20.591 MEZ(+0100),14.25896167755127
417104,2024-02-28 11:14:21.591 MEZ(+0100),14.277622222900391
418104,2024-02-28 11:14:22.591 MEZ(+0100),14.27949047088623
419104,2024-02-28 11:14:23.591 MEZ(+0100),14.365204811096191
420105,2024-02-28 11:14:24.592 MEZ(+0100),14.303536415100098
421105,2024-02-28 11:14:25.592 MEZ(+0100),14.191502571105957
422105,2024-02-28 11:14:26.592 MEZ(+0100),14.192111015319824
423105,2024-02-28 11:14:27.592 MEZ(+0100),14.192167282104492
424106,2024-02-28 11:14:28.593 MEZ(+0100),14.073713302612305
425106,2024-02-28 11:14:29.593 MEZ(+0100),13.97105598449707
426106,2024-02-28 11:14:30.593 MEZ(+0100),13.933686256408691
427106,2024-02-28 11:14:31.593 MEZ(+0100),13.950185775756836
428106,2024-02-28 11:14:32.593 MEZ(+0100),13.958338737487793
429106,2024-02-28 11:14:33.593 MEZ(+0100),13.768363952636719
430106,2024-02-28 11:14:34.593 MEZ(+0100),13.706955909729004
431106,2024-02-28 11:14:35.593 MEZ(+0100),13.694321632385254
432107,2024-02-28 11:14:36.594 MEZ(+0100),13.695660591125488
433108,2024-02-28 11:14:37.595 MEZ(+0100),13.696626663208008
434108,2024-02-28 11:14:38.595 MEZ(+0100),13.696718215942383
435108,2024-02-28 11:14:39.595 MEZ(+0100),13.696718215942383
436108,2024-02-28 11:14:40.595 MEZ(+0100),13.710570335388184
437108,2024-02-28 11:14:41.595 MEZ(+0100),13.926609992980957
438108,2024-02-28 11:14:42.595 MEZ(+0100),13.955976486206055
439108,2024-02-28 11:14:43.595 MEZ(+0100),14.054937362670898
440108,2024-02-28 11:14:44.595 MEZ(+0100),14.391079902648926
441109,2024-02-28 11:14:45.596 MEZ(+0100),14.629776000976562
442109,2024-02-28 11:14:46.596 MEZ(+0100),14.813112258911133
443109,2024-02-28 11:14:47.596 MEZ(+0100),14.859502792358398
444109,2024-02-28 11:14:48.596 MEZ(+0100),15.081419944763184
445110,2024-02-28 11:14:49.597 MEZ(+0100),15.363716125488281
446110,2024-02-28 11:14:50.597 MEZ(+0100),15.955703735351562
447110,2024-02-28 11:14:51.597 MEZ(+0100),16.161106109619141
448110,2024-02-28 11:14:52.597 MEZ(+0100),16.123653411865234
449110,2024-02-28 11:14:53.597 MEZ(+0100),16.34721565246582
450111,2024-02-28 11:14:54.598 MEZ(+0100),16.546485900878906
451111,2024-02-28 11:14:55.598 MEZ(+0100),16.646844863891602
452111,2024-02-28 11:14:56.598 MEZ(+0100),16.720176696777344
453111,2024-02-28 11:14:57.598 MEZ(+0100),16.671627044677734
454111,2024-02-28 11:14:58.598 MEZ(+0100),16.870756149291992
455111,2024-02-28 11:14:59.598 MEZ(+0100),16.935981750488281
456111,2024-02-28 11:15:00.598 MEZ(+0100),16.942527770996094
457112,2024-02-28 11:15:01.599 MEZ(+0100),16.943193435668945
458112,2024-02-28 11:15:02.599 MEZ(+0100),17.377597808837891
459113,2024-02-28 11:15:03.600 MEZ(+0100),17.412202835083008
460113,2024-02-28 11:15:04.600 MEZ(+0100),17.125801086425781
461113,2024-02-28 11:15:05.600 MEZ(+0100),16.946268081665039
462113,2024-02-28 11:15:06.600 MEZ(+0100),16.923776626586914
463114,2024-02-28 11:15:07.601 MEZ(+0100),16.993112564086914
464115,2024-02-28 11:15:08.602 MEZ(+0100),17.060688018798828
465115,2024-02-28 11:15:09.602 MEZ(+0100),17.248872756958008
466115,2024-02-28 11:15:10.602 MEZ(+0100),17.416114807128906
467115,2024-02-28 11:15:11.602 MEZ(+0100),17.461669921875
468115,2024-02-28 11:15:12.602 MEZ(+0100),17.604534149169922
469115,2024-02-28 11:15:13.602 MEZ(+0100),17.688205718994141
470115,2024-02-28 11:15:14.602 MEZ(+0100),17.784563064575195
471115,2024-02-28 11:15:15.602 MEZ(+0100),18.287071228027344
472115,2024-02-28 11:15:16.602 MEZ(+0100),18.458688735961914
473115,2024-02-28 11:15:17.602 MEZ(+0100),18.486301422119141
474115,2024-02-28 11:15:18.602 MEZ(+0100),18.639488220214844
475115,2024-02-28 11:15:19.602 MEZ(+0100),18.885091781616211
476115,2024-02-28 11:15:20.602 MEZ(+0100),19.210256576538086
477116,2024-02-28 11:15:21.603 MEZ(+0100),19.520929336547852
478116,2024-02-28 11:15:22.603 MEZ(+0100),19.615808486938477
479116,2024-02-28 11:15:23.603 MEZ(+0100),19.776649475097656
480116,2024-02-28 11:15:24.603 MEZ(+0100),19.776649475097656
481117,2024-02-28 11:15:25.604 MEZ(+0100),20.50483512878418
482117,2024-02-28 11:15:26.604 MEZ(+0100),20.50483512878418
483117,2024-02-28 11:15:27.604 MEZ(+0100),21.089658737182617
484117,2024-02-28 11:15:28.604 MEZ(+0100),21.262184143066406
485117,2024-02-28 11:15:29.604 MEZ(+0100),21.279573440551758
486117,2024-02-28 11:15:30.604 MEZ(+0100),21.385496139526367
487117,2024-02-28 11:15:31.604 MEZ(+0100),21.605436325073242
488117,2024-02-28 11:15:32.604 MEZ(+0100),21.730241775512695
489118,2024-02-28 11:15:33.605 MEZ(+0100),21.866960525512695
490118,2024-02-28 11:15:34.605 MEZ(+0100),22.144477844238281
491118,2024-02-28 11:15:35.605 MEZ(+0100),22.271951675415039
492118,2024-02-28 11:15:36.605 MEZ(+0100),22.485877990722656
493119,2024-02-28 11:15:37.606 MEZ(+0100),22.623281478881836
494119,2024-02-28 11:15:38.606 MEZ(+0100),22.670244216918945
495119,2024-02-28 11:15:39.606 MEZ(+0100),23.020950317382812
496119,2024-02-28 11:15:40.606 MEZ(+0100),24.037233352661133
497119,2024-02-28 11:15:41.606 MEZ(+0100),24.664770126342773
498119,2024-02-28 11:15:42.606 MEZ(+0100),25.09613037109375
499120,2024-02-28 11:15:43.607 MEZ(+0100),25.950071334838867
500120,2024-02-28 11:15:44.607 MEZ(+0100),26.197052001953125
501120,2024-02-28 11:15:45.607 MEZ(+0100),26.28558349609375
502120,2024-02-28 11:15:46.607 MEZ(+0100),26.549732208251953
503120,2024-02-28 11:15:47.607 MEZ(+0100),26.901615142822266
504120,2024-02-28 11:15:48.607 MEZ(+0100),26.954494476318359
505120,2024-02-28 11:15:49.607 MEZ(+0100),26.959783554077148
506121,2024-02-28 11:15:50.608 MEZ(+0100),28.405820846557617
507121,2024-02-28 11:15:51.608 MEZ(+0100),30.173671722412109
508121,2024-02-28 11:15:52.608 MEZ(+0100),30.365009307861328
509122,2024-02-28 11:15:53.609 MEZ(+0100),30.416803359985352
510122,2024-02-28 11:15:54.609 MEZ(+0100),30.42198371887207
511122,2024-02-28 11:15:55.609 MEZ(+0100),30.422500610351562
512122,2024-02-28 11:15:56.609 MEZ(+0100),30.397844314575195
513122,2024-02-28 11:15:57.609 MEZ(+0100),30.387561798095703
514122,2024-02-28 11:15:58.609 MEZ(+0100),30.394367218017578
515123,2024-02-28 11:15:59.610 MEZ(+0100),30.419748306274414
516123,2024-02-28 11:16:00.610 MEZ(+0100),30.422279357910156
517123,2024-02-28 11:16:01.610 MEZ(+0100),30.376436233520508
518123,2024-02-28 11:16:02.610 MEZ(+0100),30.319591522216797
519123,2024-02-28 11:16:03.610 MEZ(+0100),30.269725799560547
520124,2024-02-28 11:16:04.611 MEZ(+0100),30.762130737304688
521124,2024-02-28 11:16:05.611 MEZ(+0100),32.177043914794922
522124,2024-02-28 11:16:06.611 MEZ(+0100),32.539459228515625
523124,2024-02-28 11:16:07.611 MEZ(+0100),32.937774658203125
524124,2024-02-28 11:16:08.611 MEZ(+0100),32.979145050048828
525125,2024-02-28 11:16:09.612 MEZ(+0100),32.979145050048828
526125,2024-02-28 11:16:10.612 MEZ(+0100),32.983272552490234
527126,2024-02-28 11:16:11.613 MEZ(+0100),32.406608581542969
528126,2024-02-28 11:16:12.613 MEZ(+0100),32.268142700195312
529126,2024-02-28 11:16:13.613 MEZ(+0100),32.254356384277344
530127,2024-02-28 11:16:14.614 MEZ(+0100),32.621494293212891
531127,2024-02-28 11:16:15.614 MEZ(+0100),32.255832672119141
532127,2024-02-28 11:16:16.614 MEZ(+0100),32.20916748046875
533127,2024-02-28 11:16:17.614 MEZ(+0100),32.204509735107422
534127,2024-02-28 11:16:18.614 MEZ(+0100),32.247982025146484
535128,2024-02-28 11:16:19.615 MEZ(+0100),32.252330780029297
536128,2024-02-28 11:16:20.615 MEZ(+0100),32.814434051513672
537128,2024-02-28 11:16:21.615 MEZ(+0100),33.840465545654297
538128,2024-02-28 11:16:22.615 MEZ(+0100),35.254985809326172
539128,2024-02-28 11:16:23.615 MEZ(+0100),35.707420349121094
540128,2024-02-28 11:16:24.615 MEZ(+0100),37.868076324462891
541128,2024-02-28 11:16:25.615 MEZ(+0100),38.714065551757812
542128,2024-02-28 11:16:26.615 MEZ(+0100),38.939830780029297
543128,2024-02-28 11:16:27.615 MEZ(+0100),38.962574005126953
544128,2024-02-28 11:16:28.615 MEZ(+0100),38.964847564697266
545129,2024-02-28 11:16:29.616 MEZ(+0100),39.250953674316406
546129,2024-02-28 11:16:30.616 MEZ(+0100),38.147193908691406
547130,2024-02-28 11:16:31.617 MEZ(+0100),37.770755767822266
548131,2024-02-28 11:16:32.618 MEZ(+0100),37.733539581298828
549131,2024-02-28 11:16:33.618 MEZ(+0100),37.678997039794922
550132,2024-02-28 11:16:34.619 MEZ(+0100),37.513736724853516
551132,2024-02-28 11:16:35.619 MEZ(+0100),37.694332122802734
552132,2024-02-28 11:16:36.619 MEZ(+0100),37.712444305419922
553132,2024-02-28 11:16:37.619 MEZ(+0100),37.517021179199219
554132,2024-02-28 11:16:38.619 MEZ(+0100),37.497608184814453
555133,2024-02-28 11:16:39.620 MEZ(+0100),35.851936340332031
556133,2024-02-28 11:16:40.620 MEZ(+0100),34.555850982666016
557133,2024-02-28 11:16:41.620 MEZ(+0100),33.466865539550781
558133,2024-02-28 11:16:42.620 MEZ(+0100),32.6531982421875
559133,2024-02-28 11:16:43.620 MEZ(+0100),32.437686920166016
560134,2024-02-28 11:16:44.621 MEZ(+0100),32.416282653808594
561134,2024-02-28 11:16:45.621 MEZ(+0100),32.414150238037109
562134,2024-02-28 11:16:46.621 MEZ(+0100),31.670925140380859
563134,2024-02-28 11:16:47.621 MEZ(+0100),31.467777252197266
564134,2024-02-28 11:16:48.621 MEZ(+0100),31.447595596313477
565135,2024-02-28 11:16:49.622 MEZ(+0100),31.322607040405273
566135,2024-02-28 11:16:50.622 MEZ(+0100),31.237098693847656
567135,2024-02-28 11:16:51.622 MEZ(+0100),31.26295280456543
568135,2024-02-28 11:16:52.622 MEZ(+0100),31.4395751953125
569135,2024-02-28 11:16:53.622 MEZ(+0100),32.237415313720703
570135,2024-02-28 11:16:54.622 MEZ(+0100),32.237415313720703
571135,2024-02-28 11:16:55.622 MEZ(+0100),32.445575714111328
572136,2024-02-28 11:16:56.623 MEZ(+0100),32.466548919677734
573137,2024-02-28 11:16:57.624 MEZ(+0100),33.692798614501953
574137,2024-02-28 11:16:58.624 MEZ(+0100),42.955402374267578
575137,2024-02-28 11:16:59.624 MEZ(+0100),47.257308959960938
576137,2024-02-28 11:17:00.624 MEZ(+0100),48.91748046875
577137,2024-02-28 11:17:01.624 MEZ(+0100),49.841285705566406
578137,2024-02-28 11:17:02.624 MEZ(+0100),56.390838623046875
579138,2024-02-28 11:17:03.625 MEZ(+0100),60.225070953369141
580138,2024-02-28 11:17:04.625 MEZ(+0100),60.637893676757812
581138,2024-02-28 11:17:05.625 MEZ(+0100),62.312709808349609
582138,2024-02-28 11:17:06.625 MEZ(+0100),62.562175750732422
583138,2024-02-28 11:17:07.625 MEZ(+0100),62.850318908691406
584138,2024-02-28 11:17:08.625 MEZ(+0100),65.1981201171875
585138,2024-02-28 11:17:09.625 MEZ(+0100),65.442825317382812
586139,2024-02-28 11:17:10.626 MEZ(+0100),65.727760314941406
587139,2024-02-28 11:17:11.626 MEZ(+0100),65.495765686035156
588139,2024-02-28 11:17:12.626 MEZ(+0100),65.472633361816406
589140,2024-02-28 11:17:13.627 MEZ(+0100),65.47015380859375
590140,2024-02-28 11:17:14.627 MEZ(+0100),66.209487915039062
591141,2024-02-28 11:17:15.628 MEZ(+0100),66.50885009765625
592141,2024-02-28 11:17:16.628 MEZ(+0100),69.323829650878906
593141,2024-02-28 11:17:17.628 MEZ(+0100),72.925773620605469
594141,2024-02-28 11:17:18.628 MEZ(+0100),74.745620727539062
595142,2024-02-28 11:17:19.629 MEZ(+0100),77.748710632324219
596142,2024-02-28 11:17:20.629 MEZ(+0100),87.429161071777344
597142,2024-02-28 11:17:21.629 MEZ(+0100),102.24393463134766
598142,2024-02-28 11:17:22.629 MEZ(+0100),105.50343322753906
599142,2024-02-28 11:17:23.629 MEZ(+0100),106.23957061767578
600142,2024-02-28 11:17:24.629 MEZ(+0100),108.61117553710938
601142,2024-02-28 11:17:25.629 MEZ(+0100),111.61577606201172
602143,2024-02-28 11:17:26.630 MEZ(+0100),113.29078674316406
603144,2024-02-28 11:17:27.631 MEZ(+0100),115.18932342529297
604144,2024-02-28 11:17:28.631 MEZ(+0100),116.50708770751953
605144,2024-02-28 11:17:29.631 MEZ(+0100),115.88444519042969
606145,2024-02-28 11:17:30.632 MEZ(+0100),114.15950012207031
607145,2024-02-28 11:17:31.632 MEZ(+0100),110.84572601318359
608145,2024-02-28 11:17:32.632 MEZ(+0100),110.09532928466797
609145,2024-02-28 11:17:33.632 MEZ(+0100),109.72881317138672
610146,2024-02-28 11:17:34.633 MEZ(+0100),111.46748352050781
611147,2024-02-28 11:17:35.634 MEZ(+0100),109.91170501708984
612147,2024-02-28 11:17:36.634 MEZ(+0100),107.96678161621094
613148,2024-02-28 11:17:37.635 MEZ(+0100),107.11160278320312
614148,2024-02-28 11:17:38.635 MEZ(+0100),106.25458526611328
615148,2024-02-28 11:17:39.635 MEZ(+0100),106.25458526611328
616148,2024-02-28 11:17:40.635 MEZ(+0100),105.78479766845703
617148,2024-02-28 11:17:41.635 MEZ(+0100),103.31314086914062
618148,2024-02-28 11:17:42.635 MEZ(+0100),100.91383361816406
619148,2024-02-28 11:17:43.635 MEZ(+0100),100.68009948730469
620149,2024-02-28 11:17:44.636 MEZ(+0100),90.888648986816406
621150,2024-02-28 11:17:45.637 MEZ(+0100),81.35150146484375
622151,2024-02-28 11:17:46.638 MEZ(+0100),70.347869873046875
623151,2024-02-28 11:17:47.638 MEZ(+0100),63.596420288085938
624151,2024-02-28 11:17:48.638 MEZ(+0100),62.670246124267578
625152,2024-02-28 11:17:49.639 MEZ(+0100),62.57916259765625
626152,2024-02-28 11:17:50.639 MEZ(+0100),62.570049285888672
627152,2024-02-28 11:17:51.639 MEZ(+0100),62.569110870361328
628152,2024-02-28 11:17:52.639 MEZ(+0100),62.000423431396484
629153,2024-02-28 11:17:53.640 MEZ(+0100),61.944145202636719
630153,2024-02-28 11:17:54.640 MEZ(+0100),61.818912506103516
631154,2024-02-28 11:17:55.641 MEZ(+0100),61.521198272705078
632154,2024-02-28 11:17:56.641 MEZ(+0100),62.803276062011719
633155,2024-02-28 11:17:57.642 MEZ(+0100),62.705310821533203
634155,2024-02-28 11:17:58.642 MEZ(+0100),63.181442260742188
635156,2024-02-28 11:17:59.643 MEZ(+0100),63.229476928710938
636156,2024-02-28 11:18:00.643 MEZ(+0100),62.218769073486328
637156,2024-02-28 11:18:01.643 MEZ(+0100),60.900516510009766
638157,2024-02-28 11:18:02.644 MEZ(+0100),60.546840667724609
639157,2024-02-28 11:18:03.644 MEZ(+0100),60.511734008789062
640158,2024-02-28 11:18:04.645 MEZ(+0100),60.508228302001953
641158,2024-02-28 11:18:05.645 MEZ(+0100),58.445491790771484
642158,2024-02-28 11:18:06.645 MEZ(+0100),57.272178649902344
643158,2024-02-28 11:18:07.645 MEZ(+0100),57.157508850097656
644159,2024-02-28 11:18:08.646 MEZ(+0100),57.146049499511719
645159,2024-02-28 11:18:09.646 MEZ(+0100),57.144905090332031
646159,2024-02-28 11:18:10.646 MEZ(+0100),57.144802093505859
647159,2024-02-28 11:18:11.646 MEZ(+0100),58.829994201660156
648159,2024-02-28 11:18:12.646 MEZ(+0100),59.339057922363281
649159,2024-02-28 11:18:13.646 MEZ(+0100),59.961170196533203
650160,2024-02-28 11:18:14.647 MEZ(+0100),60.812278747558594
651160,2024-02-28 11:18:15.647 MEZ(+0100),61.877529144287109
652160,2024-02-28 11:18:16.647 MEZ(+0100),68.704063415527344
653160,2024-02-28 11:18:17.647 MEZ(+0100),87.366500854492188
654160,2024-02-28 11:18:18.647 MEZ(+0100),92.462318420410156
655161,2024-02-28 11:18:19.648 MEZ(+0100),93.172691345214844
656161,2024-02-28 11:18:20.648 MEZ(+0100),93.244369506835938
657161,2024-02-28 11:18:21.648 MEZ(+0100),92.55780029296875
658161,2024-02-28 11:18:22.648 MEZ(+0100),92.55780029296875
659162,2024-02-28 11:18:23.649 MEZ(+0100),92.489707946777344
660162,2024-02-28 11:18:24.649 MEZ(+0100),83.730010986328125
661162,2024-02-28 11:18:25.649 MEZ(+0100),76.128349304199219
662162,2024-02-28 11:18:26.649 MEZ(+0100),78.641014099121094
663162,2024-02-28 11:18:27.649 MEZ(+0100),76.214088439941406
664162,2024-02-28 11:18:28.649 MEZ(+0100),74.435134887695312
665163,2024-02-28 11:18:29.650 MEZ(+0100),72.531410217285156
666163,2024-02-28 11:18:30.650 MEZ(+0100),71.257553100585938
667163,2024-02-28 11:18:31.650 MEZ(+0100),73.497329711914062
668163,2024-02-28 11:18:32.650 MEZ(+0100),74.228050231933594
669164,2024-02-28 11:18:33.651 MEZ(+0100),72.910552978515625
670164,2024-02-28 11:18:34.651 MEZ(+0100),73.669723510742188
671164,2024-02-28 11:18:35.651 MEZ(+0100),77.467582702636719
672164,2024-02-28 11:18:36.651 MEZ(+0100),78.962608337402344
673164,2024-02-28 11:18:37.651 MEZ(+0100),72.551933288574219
674164,2024-02-28 11:18:38.651 MEZ(+0100),76.655975341796875
675164,2024-02-28 11:18:39.651 MEZ(+0100),79.0150146484375
676165,2024-02-28 11:18:40.652 MEZ(+0100),81.459709167480469
677165,2024-02-28 11:18:41.652 MEZ(+0100),83.4281005859375
678165,2024-02-28 11:18:42.652 MEZ(+0100),95.924362182617188
679165,2024-02-28 11:18:43.652 MEZ(+0100),104.91390991210938
680166,2024-02-28 11:18:44.653 MEZ(+0100),109.30040740966797
681166,2024-02-28 11:18:45.653 MEZ(+0100),107.28451538085938
682166,2024-02-28 11:18:46.653 MEZ(+0100),106.75103759765625
683166,2024-02-28 11:18:47.653 MEZ(+0100),106.69796752929688
684166,2024-02-28 11:18:48.653 MEZ(+0100),106.69268798828125
685167,2024-02-28 11:18:49.654 MEZ(+0100),106.69209289550781
686167,2024-02-28 11:18:50.654 MEZ(+0100),101.28850555419922
687167,2024-02-28 11:18:51.654 MEZ(+0100),84.130058288574219
688167,2024-02-28 11:18:52.654 MEZ(+0100),75.739341735839844
689167,2024-02-28 11:18:53.654 MEZ(+0100),67.761924743652344
690167,2024-02-28 11:18:54.654 MEZ(+0100),65.993598937988281
691167,2024-02-28 11:18:55.654 MEZ(+0100),62.549411773681641
692167,2024-02-28 11:18:56.654 MEZ(+0100),61.057212829589844
693167,2024-02-28 11:18:57.654 MEZ(+0100),59.110500335693359
694167,2024-02-28 11:18:58.654 MEZ(+0100),58.853260040283203
695167,2024-02-28 11:18:59.654 MEZ(+0100),58.374313354492188
696168,2024-02-28 11:19:00.655 MEZ(+0100),56.970989227294922
697168,2024-02-28 11:19:01.655 MEZ(+0100),57.109073638916016
698169,2024-02-28 11:19:02.656 MEZ(+0100),57.945327758789062
699169,2024-02-28 11:19:03.656 MEZ(+0100),57.945327758789062
700169,2024-02-28 11:19:04.656 MEZ(+0100),58.527431488037109
701169,2024-02-28 11:19:05.656 MEZ(+0100),58.767017364501953
702169,2024-02-28 11:19:06.656 MEZ(+0100),58.964393615722656
703169,2024-02-28 11:19:07.656 MEZ(+0100),59.224822998046875
704169,2024-02-28 11:19:08.656 MEZ(+0100),59.370594024658203
705169,2024-02-28 11:19:09.656 MEZ(+0100),59.565792083740234
706169,2024-02-28 11:19:10.656 MEZ(+0100),60.660408020019531
707169,2024-02-28 11:19:11.656 MEZ(+0100),61.037506103515625
708169,2024-02-28 11:19:12.656 MEZ(+0100),61.075489044189453
709169,2024-02-28 11:19:13.656 MEZ(+0100),61.079292297363281
710170,2024-02-28 11:19:14.657 MEZ(+0100),60.247341156005859
711170,2024-02-28 11:19:15.657 MEZ(+0100),59.718547821044922
712170,2024-02-28 11:19:16.657 MEZ(+0100),58.898998260498047
713170,2024-02-28 11:19:17.657 MEZ(+0100),58.760593414306641
714170,2024-02-28 11:19:18.657 MEZ(+0100),58.683975219726562
715170,2024-02-28 11:19:19.657 MEZ(+0100),58.656471252441406
716170,2024-02-28 11:19:20.657 MEZ(+0100),58.653736114501953
717170,2024-02-28 11:19:21.657 MEZ(+0100),58.716190338134766
718170,2024-02-28 11:19:22.657 MEZ(+0100),59.440315246582031
719170,2024-02-28 11:19:23.657 MEZ(+0100),60.270206451416016
720170,2024-02-28 11:19:24.657 MEZ(+0100),60.501522064208984
721171,2024-02-28 11:19:25.658 MEZ(+0100),60.531459808349609
722171,2024-02-28 11:19:26.658 MEZ(+0100),60.670555114746094
723171,2024-02-28 11:19:27.658 MEZ(+0100),60.922420501708984
724171,2024-02-28 11:19:28.658 MEZ(+0100),60.904911041259766
725171,2024-02-28 11:19:29.658 MEZ(+0100),60.946006774902344
726172,2024-02-28 11:19:30.659 MEZ(+0100),60.758762359619141
727172,2024-02-28 11:19:31.659 MEZ(+0100),60.543727874755859
728172,2024-02-28 11:19:32.659 MEZ(+0100),59.761787414550781
729172,2024-02-28 11:19:33.659 MEZ(+0100),59.307044982910156
730172,2024-02-28 11:19:34.659 MEZ(+0100),57.442184448242188
731172,2024-02-28 11:19:35.659 MEZ(+0100),53.478416442871094
732172,2024-02-28 11:19:36.659 MEZ(+0100),52.896183013916016
733172,2024-02-28 11:19:37.659 MEZ(+0100),52.145118713378906
734172,2024-02-28 11:19:38.659 MEZ(+0100),51.479476928710938
735172,2024-02-28 11:19:39.659 MEZ(+0100),51.100990295410156
736172,2024-02-28 11:19:40.659 MEZ(+0100),49.991477966308594
737173,2024-02-28 11:19:41.660 MEZ(+0100),48.837421417236328
738173,2024-02-28 11:19:42.660 MEZ(+0100),48.724967956542969
739174,2024-02-28 11:19:43.661 MEZ(+0100),48.455020904541016
740174,2024-02-28 11:19:44.661 MEZ(+0100),48.276027679443359
741175,2024-02-28 11:19:45.662 MEZ(+0100),48.287738800048828
742176,2024-02-28 11:19:46.663 MEZ(+0100),48.259368896484375
743176,2024-02-28 11:19:47.663 MEZ(+0100),48.247200012207031
744177,2024-02-28 11:19:48.664 MEZ(+0100),48.247200012207031
745177,2024-02-28 11:19:49.664 MEZ(+0100),47.628028869628906
746177,2024-02-28 11:19:50.664 MEZ(+0100),47.11199951171875
747177,2024-02-28 11:19:51.664 MEZ(+0100),46.920108795166016
748177,2024-02-28 11:19:52.664 MEZ(+0100),46.231029510498047
749178,2024-02-28 11:19:53.665 MEZ(+0100),45.556194305419922
750178,2024-02-28 11:19:54.665 MEZ(+0100),42.8779296875
751179,2024-02-28 11:19:55.666 MEZ(+0100),40.118515014648438
752180,2024-02-28 11:19:56.667 MEZ(+0100),39.618244171142578
753180,2024-02-28 11:19:57.667 MEZ(+0100),39.242851257324219
754180,2024-02-28 11:19:58.667 MEZ(+0100),38.932395935058594
755180,2024-02-28 11:19:59.667 MEZ(+0100),38.669853210449219
756180,2024-02-28 11:20:00.667 MEZ(+0100),38.439640045166016
757180,2024-02-28 11:20:01.667 MEZ(+0100),38.364715576171875
758181,2024-02-28 11:20:02.668 MEZ(+0100),38.357284545898438
759181,2024-02-28 11:20:03.668 MEZ(+0100),38.227687835693359
760181,2024-02-28 11:20:04.668 MEZ(+0100),38.002407073974609
761182,2024-02-28 11:20:05.669 MEZ(+0100),37.891510009765625
762182,2024-02-28 11:20:06.669 MEZ(+0100),37.268150329589844
763183,2024-02-28 11:20:07.670 MEZ(+0100),37.173202514648438
764183,2024-02-28 11:20:08.670 MEZ(+0100),36.930423736572266
765183,2024-02-28 11:20:09.670 MEZ(+0100),37.246074676513672
766184,2024-02-28 11:20:10.671 MEZ(+0100),37.76708984375
767184,2024-02-28 11:20:11.671 MEZ(+0100),38.222129821777344
768184,2024-02-28 11:20:12.671 MEZ(+0100),38.482433319091797
769184,2024-02-28 11:20:13.671 MEZ(+0100),39.502494812011719
770184,2024-02-28 11:20:14.671 MEZ(+0100),40.680549621582031
771185,2024-02-28 11:20:15.672 MEZ(+0100),41.345756530761719
772185,2024-02-28 11:20:16.672 MEZ(+0100),41.879039764404297
773185,2024-02-28 11:20:17.672 MEZ(+0100),42.36090087890625
774185,2024-02-28 11:20:18.672 MEZ(+0100),42.455837249755859
775185,2024-02-28 11:20:19.672 MEZ(+0100),42.809429168701172
776186,2024-02-28 11:20:20.673 MEZ(+0100),43.712966918945312
777186,2024-02-28 11:20:21.673 MEZ(+0100),42.987834930419922
778186,2024-02-28 11:20:22.673 MEZ(+0100),43.546871185302734
779186,2024-02-28 11:20:23.673 MEZ(+0100),44.222885131835938
780186,2024-02-28 11:20:24.673 MEZ(+0100),44.053451538085938
781186,2024-02-28 11:20:25.673 MEZ(+0100),43.839473724365234
782187,2024-02-28 11:20:26.674 MEZ(+0100),43.768043518066406
783187,2024-02-28 11:20:27.674 MEZ(+0100),43.760948181152344
784187,2024-02-28 11:20:28.674 MEZ(+0100),44.224948883056641
785188,2024-02-28 11:20:29.675 MEZ(+0100),44.383392333984375
786188,2024-02-28 11:20:30.675 MEZ(+0100),44.492008209228516
787188,2024-02-28 11:20:31.675 MEZ(+0100),44.492008209228516
788188,2024-02-28 11:20:32.675 MEZ(+0100),45.303676605224609
789189,2024-02-28 11:20:33.676 MEZ(+0100),46.927085876464844
790189,2024-02-28 11:20:34.676 MEZ(+0100),53.885646820068359
791190,2024-02-28 11:20:35.677 MEZ(+0100),65.865036010742188
792192,2024-02-28 11:20:36.679 MEZ(+0100),70.703193664550781
793192,2024-02-28 11:20:37.679 MEZ(+0100),73.805213928222656
794192,2024-02-28 11:20:38.679 MEZ(+0100),78.033645629882812
795192,2024-02-28 11:20:39.679 MEZ(+0100),78.659782409667969
796193,2024-02-28 11:20:40.680 MEZ(+0100),78.722969055175781
797193,2024-02-28 11:20:41.680 MEZ(+0100),78.729270935058594
798193,2024-02-28 11:20:42.680 MEZ(+0100),78.729888916015625
799193,2024-02-28 11:20:43.680 MEZ(+0100),78.079170227050781
800193,2024-02-28 11:20:44.680 MEZ(+0100),73.452461242675781
801193,2024-02-28 11:20:45.680 MEZ(+0100),70.494338989257812
802194,2024-02-28 11:20:46.681 MEZ(+0100),67.913246154785156
803195,2024-02-28 11:20:47.682 MEZ(+0100),64.980972290039062
804195,2024-02-28 11:20:48.682 MEZ(+0100),62.730392456054688
805195,2024-02-28 11:20:49.682 MEZ(+0100),56.537872314453125
806195,2024-02-28 11:20:50.682 MEZ(+0100),53.805267333984375
807196,2024-02-28 11:20:51.683 MEZ(+0100),53.169582366943359
808196,2024-02-28 11:20:52.683 MEZ(+0100),52.785236358642578
809196,2024-02-28 11:20:53.683 MEZ(+0100),52.329521179199219
810196,2024-02-28 11:20:54.683 MEZ(+0100),52.002285003662109
811197,2024-02-28 11:20:55.684 MEZ(+0100),51.83880615234375
812198,2024-02-28 11:20:56.685 MEZ(+0100),51.440834045410156
813198,2024-02-28 11:20:57.685 MEZ(+0100),51.154056549072266
814198,2024-02-28 11:20:58.685 MEZ(+0100),50.715877532958984
815198,2024-02-28 11:20:59.685 MEZ(+0100),50.121292114257812
816198,2024-02-28 11:21:00.685 MEZ(+0100),50.062614440917969
817198,2024-02-28 11:21:01.685 MEZ(+0100),49.925399780273438
818198,2024-02-28 11:21:02.685 MEZ(+0100),48.557231903076172
819198,2024-02-28 11:21:03.685 MEZ(+0100),47.969776153564453
820198,2024-02-28 11:21:04.685 MEZ(+0100),47.719825744628906
821199,2024-02-28 11:21:05.686 MEZ(+0100),46.899143218994141
822199,2024-02-28 11:21:06.686 MEZ(+0100),47.656520843505859
823200,2024-02-28 11:21:07.687 MEZ(+0100),47.86761474609375
824200,2024-02-28 11:21:08.687 MEZ(+0100),48.346321105957031
825200,2024-02-28 11:21:09.687 MEZ(+0100),48.422893524169922
826200,2024-02-28 11:21:10.687 MEZ(+0100),48.430557250976562
827200,2024-02-28 11:21:11.687 MEZ(+0100),48.704662322998047
828200,2024-02-28 11:21:12.687 MEZ(+0100),48.819408416748047
829201,2024-02-28 11:21:13.688 MEZ(+0100),49.2139892578125
830201,2024-02-28 11:21:14.688 MEZ(+0100),49.448410034179688
831201,2024-02-28 11:21:15.688 MEZ(+0100),49.742366790771484
832201,2024-02-28 11:21:16.688 MEZ(+0100),49.742366790771484
833201,2024-02-28 11:21:17.688 MEZ(+0100),49.905689239501953
834201,2024-02-28 11:21:18.688 MEZ(+0100),50.075401306152344
835201,2024-02-28 11:21:19.688 MEZ(+0100),50.744888305664062
836201,2024-02-28 11:21:20.688 MEZ(+0100),51.650001525878906
837202,2024-02-28 11:21:21.689 MEZ(+0100),52.560611724853516
838202,2024-02-28 11:21:22.689 MEZ(+0100),52.947116851806641
839203,2024-02-28 11:21:23.690 MEZ(+0100),55.003013610839844
840204,2024-02-28 11:21:24.691 MEZ(+0100),55.243885040283203
841204,2024-02-28 11:21:25.691 MEZ(+0100),55.268104553222656
842205,2024-02-28 11:21:26.692 MEZ(+0100),55.475997924804688
843205,2024-02-28 11:21:27.692 MEZ(+0100),57.129295349121094
844205,2024-02-28 11:21:28.692 MEZ(+0100),57.369987487792969
845205,2024-02-28 11:21:29.692 MEZ(+0100),57.324272155761719
846205,2024-02-28 11:21:30.692 MEZ(+0100),57.319698333740234
847205,2024-02-28 11:21:31.692 MEZ(+0100),57.217109680175781
848205,2024-02-28 11:21:32.692 MEZ(+0100),56.892875671386719
849207,2024-02-28 11:21:33.694 MEZ(+0100),56.762195587158203
850207,2024-02-28 11:21:34.694 MEZ(+0100),57.417949676513672
851207,2024-02-28 11:21:35.694 MEZ(+0100),57.920169830322266
852207,2024-02-28 11:21:36.694 MEZ(+0100),58.917041778564453
853207,2024-02-28 11:21:37.694 MEZ(+0100),59.812492370605469
854207,2024-02-28 11:21:38.694 MEZ(+0100),61.230789184570312
855207,2024-02-28 11:21:39.694 MEZ(+0100),64.094589233398438
856207,2024-02-28 11:21:40.694 MEZ(+0100),67.292442321777344
857208,2024-02-28 11:21:41.695 MEZ(+0100),70.476303100585938
858208,2024-02-28 11:21:42.695 MEZ(+0100),74.393150329589844
859208,2024-02-28 11:21:43.695 MEZ(+0100),77.595474243164062
860209,2024-02-28 11:21:44.696 MEZ(+0100),78.079872131347656
861209,2024-02-28 11:21:45.696 MEZ(+0100),79.222946166992188
862209,2024-02-28 11:21:46.696 MEZ(+0100),79.888313293457031
863210,2024-02-28 11:21:47.697 MEZ(+0100),79.947441101074219
864210,2024-02-28 11:21:48.697 MEZ(+0100),78.572959899902344
865210,2024-02-28 11:21:49.697 MEZ(+0100),75.15338134765625
866210,2024-02-28 11:21:50.697 MEZ(+0100),74.01202392578125
867210,2024-02-28 11:21:51.697 MEZ(+0100),73.62188720703125
868210,2024-02-28 11:21:52.697 MEZ(+0100),73.724845886230469
869211,2024-02-28 11:21:53.698 MEZ(+0100),73.735145568847656
870211,2024-02-28 11:21:54.698 MEZ(+0100),74.611122131347656
871211,2024-02-28 11:21:55.698 MEZ(+0100),74.699836730957031
872211,2024-02-28 11:21:56.698 MEZ(+0100),74.806106567382812
873212,2024-02-28 11:21:57.699 MEZ(+0100),74.991958618164062
874212,2024-02-28 11:21:58.699 MEZ(+0100),76.054336547851562
875212,2024-02-28 11:21:59.699 MEZ(+0100),76.054336547851562
876212,2024-02-28 11:22:00.699 MEZ(+0100),78.959815979003906
877212,2024-02-28 11:22:01.699 MEZ(+0100),78.959815979003906
878212,2024-02-28 11:22:02.699 MEZ(+0100),81.11517333984375
879213,2024-02-28 11:22:03.700 MEZ(+0100),83.6158447265625
880213,2024-02-28 11:22:04.700 MEZ(+0100),87.308372497558594
881213,2024-02-28 11:22:05.700 MEZ(+0100),105.90227508544922
882214,2024-02-28 11:22:06.701 MEZ(+0100),116.66114807128906
883214,2024-02-28 11:22:07.701 MEZ(+0100),123.41100311279297
884214,2024-02-28 11:22:08.701 MEZ(+0100),124.13008117675781
885214,2024-02-28 11:22:09.701 MEZ(+0100),124.43344879150391
886214,2024-02-28 11:22:10.701 MEZ(+0100),126.160400390625
887215,2024-02-28 11:22:11.702 MEZ(+0100),130.94425964355469
888215,2024-02-28 11:22:12.702 MEZ(+0100),125.09326171875
889215,2024-02-28 11:22:13.702 MEZ(+0100),124.41226959228516
890216,2024-02-28 11:22:14.703 MEZ(+0100),122.35639190673828
891216,2024-02-28 11:22:15.703 MEZ(+0100),113.51734161376953
892216,2024-02-28 11:22:16.703 MEZ(+0100),105.20584106445312
893216,2024-02-28 11:22:17.703 MEZ(+0100),98.317428588867188
894216,2024-02-28 11:22:18.703 MEZ(+0100),95.144210815429688
895217,2024-02-28 11:22:19.704 MEZ(+0100),90.7791748046875
896217,2024-02-28 11:22:20.704 MEZ(+0100),87.267410278320312
897218,2024-02-28 11:22:21.705 MEZ(+0100),86.409156799316406
898218,2024-02-28 11:22:22.705 MEZ(+0100),85.601905822753906
899219,2024-02-28 11:22:23.706 MEZ(+0100),85.364486694335938
900219,2024-02-28 11:22:24.706 MEZ(+0100),85.340873718261719
901219,2024-02-28 11:22:25.706 MEZ(+0100),85.338531494140625
902220,2024-02-28 11:22:26.707 MEZ(+0100),85.338249206542969
903220,2024-02-28 11:22:27.707 MEZ(+0100),84.724525451660156
904220,2024-02-28 11:22:28.707 MEZ(+0100),84.350799560546875
905220,2024-02-28 11:22:29.707 MEZ(+0100),83.510383605957031
906220,2024-02-28 11:22:30.707 MEZ(+0100),80.630149841308594
907221,2024-02-28 11:22:31.708 MEZ(+0100),76.773811340332031
908221,2024-02-28 11:22:32.708 MEZ(+0100),76.310371398925781
909222,2024-02-28 11:22:33.709 MEZ(+0100),76.264335632324219
910223,2024-02-28 11:22:34.710 MEZ(+0100),76.25970458984375
911223,2024-02-28 11:22:35.710 MEZ(+0100),76.195228576660156
912223,2024-02-28 11:22:36.710 MEZ(+0100),76.252845764160156
913223,2024-02-28 11:22:37.710 MEZ(+0100),76.498519897460938
914224,2024-02-28 11:22:38.711 MEZ(+0100),77.526741027832031
915224,2024-02-28 11:22:39.711 MEZ(+0100),78.960868835449219
916224,2024-02-28 11:22:40.711 MEZ(+0100),79.507705688476562
917224,2024-02-28 11:22:41.711 MEZ(+0100),80.584426879882812
918224,2024-02-28 11:22:42.711 MEZ(+0100),80.584426879882812
919224,2024-02-28 11:22:43.711 MEZ(+0100),81.540542602539062
920224,2024-02-28 11:22:44.711 MEZ(+0100),84.341072082519531
921224,2024-02-28 11:22:45.711 MEZ(+0100),86.170753479003906
922224,2024-02-28 11:22:46.711 MEZ(+0100),98.192291259765625
923224,2024-02-28 11:22:47.711 MEZ(+0100),103.17860412597656
924224,2024-02-28 11:22:48.711 MEZ(+0100),104.32215881347656
925225,2024-02-28 11:22:49.712 MEZ(+0100),104.43792724609375
926225,2024-02-28 11:22:50.712 MEZ(+0100),104.44950866699219
927225,2024-02-28 11:22:51.712 MEZ(+0100),102.521728515625
928225,2024-02-28 11:22:52.712 MEZ(+0100),99.802833557128906
929225,2024-02-28 11:22:53.712 MEZ(+0100),94.844001770019531
930225,2024-02-28 11:22:54.712 MEZ(+0100),93.899803161621094
931225,2024-02-28 11:22:55.712 MEZ(+0100),93.657333374023438
932226,2024-02-28 11:22:56.713 MEZ(+0100),93.633102416992188
933226,2024-02-28 11:22:57.713 MEZ(+0100),93.630691528320312
934226,2024-02-28 11:22:58.713 MEZ(+0100),94.243583679199219
935226,2024-02-28 11:22:59.713 MEZ(+0100),96.526985168457031
936226,2024-02-28 11:23:00.713 MEZ(+0100),97.02996826171875
937227,2024-02-28 11:23:01.714 MEZ(+0100),97.610366821289062
938227,2024-02-28 11:23:02.714 MEZ(+0100),100.46700286865234
939227,2024-02-28 11:23:03.714 MEZ(+0100),100.98293304443359
940228,2024-02-28 11:23:04.715 MEZ(+0100),101.03479766845703
941228,2024-02-28 11:23:05.715 MEZ(+0100),101.04004669189453
942228,2024-02-28 11:23:06.715 MEZ(+0100),101.04058074951172
943228,2024-02-28 11:23:07.715 MEZ(+0100),98.941444396972656
944228,2024-02-28 11:23:08.715 MEZ(+0100),97.630271911621094
945228,2024-02-28 11:23:09.715 MEZ(+0100),98.123016357421875
946228,2024-02-28 11:23:10.715 MEZ(+0100),98.511993408203125
947228,2024-02-28 11:23:11.715 MEZ(+0100),98.551025390625
948229,2024-02-28 11:23:12.716 MEZ(+0100),98.554946899414062
949229,2024-02-28 11:23:13.716 MEZ(+0100),99.849136352539062
950230,2024-02-28 11:23:14.717 MEZ(+0100),103.11548614501953
951230,2024-02-28 11:23:15.717 MEZ(+0100),108.38156890869141
952230,2024-02-28 11:23:16.717 MEZ(+0100),113.92218017578125
953230,2024-02-28 11:23:17.717 MEZ(+0100),136.52351379394531
954230,2024-02-28 11:23:18.717 MEZ(+0100),146.89259338378906
955230,2024-02-28 11:23:19.717 MEZ(+0100),148.60679626464844
956230,2024-02-28 11:23:20.717 MEZ(+0100),142.976318359375
957231,2024-02-28 11:23:21.718 MEZ(+0100),136.66148376464844
958231,2024-02-28 11:23:22.718 MEZ(+0100),135.38412475585938
959231,2024-02-28 11:23:23.718 MEZ(+0100),135.38412475585938
960231,2024-02-28 11:23:24.718 MEZ(+0100),135.25776672363281
961231,2024-02-28 11:23:25.718 MEZ(+0100),135.24508666992188
962231,2024-02-28 11:23:26.718 MEZ(+0100),135.20957946777344
963231,2024-02-28 11:23:27.718 MEZ(+0100),121.715087890625
964231,2024-02-28 11:23:28.718 MEZ(+0100),115.30838775634766
965231,2024-02-28 11:23:29.718 MEZ(+0100),109.93462371826172
966232,2024-02-28 11:23:30.719 MEZ(+0100),103.78852844238281
967233,2024-02-28 11:23:31.720 MEZ(+0100),96.53704833984375
968233,2024-02-28 11:23:32.720 MEZ(+0100),94.390304565429688
969233,2024-02-28 11:23:33.720 MEZ(+0100),91.871292114257812
970233,2024-02-28 11:23:34.720 MEZ(+0100),91.041854858398438
971233,2024-02-28 11:23:35.720 MEZ(+0100),91.006309509277344
